212,2294,2020-12-13T11:26:54Z,2020-12-17T16:13:54Z
418,3441,2020-08-25T11:37:11Z,2020-08-31T11:18:11Z
301,6467,2021-04-10T17:05:16Z,2021-04-11T15:00:16Z
560,9386,2021-04-28T12:10:24Z,2021-05-02T07:31:24Z
87,8755,2021-01-10T10:40:53Z,2021-01-11T20:58:53Z
651,1525,2020-08-08T06:44:20Z,2020-08-11T01:15:20Z
40,8238,2021-01-16T10:20:47Z,2021-01-16T14:06:47Z
97,2437,2021-06-21T15:52:08Z,2021-06-24T00:56:08Z
362,8428,2021-03-12T16:38:10Z,2021-03-17T05:07:10Z
234,7266,2021-01-02T19:17:57Z,2021-01-08T01:42:57Z
284,5734,2020-07-22T00:21:35Z,2020-07-24T17:41:35Z
662,8121,2020-08-21T06:11:49Z,2020-08-27T23:46:49Z
656,8029,2021-04-19T10:42:14Z,2021-04-25T18:57:14Z
381,1358,2021-01-01T15:10:58Z,2021-01-06T19:14:58Z
406,1432,2020-08-08T19:44:11Z,2020-08-12T09:22:11Z
425,6684,2020-09-04T01:07:27Z,2020-09-07T23:52:27Z
371,7588,2020-08-15T20:54:31Z,2020-08-17T22:19:31Z
178,8465,2021-05-09T03:45:01Z,2021-05-14T17:08:01Z
439,3596,2021-02-25T03:13:10Z,2021-02-28T17:21:10Z
764,8409,2021-01-20T06:48:28Z,2021-01-26T06:34:28Z
317,6514,2020-08-30T18:02:42Z,2020-09-04T12:28:42Z
755,8690,2021-03-27T16:06:05Z,2021-03-31T15:09:05Z
31,1204,2021-04-28T12:27:01Z,2021-05-03T17:00:01Z
686,2184,2021-04-27T06:05:42Z,2021-04-29T13:24:42Z
150,2945,2020-11-29T12:21:22Z,2020-12-03T15:23:22Z
670,6696,2021-06-24T23:14:30Z,2021-06-26T20:33:30Z
339,5439,2021-02-26T16:51:05Z,2021-02-27T15:06:05Z
620,3222,2021-05-02T21:22:41Z,2021-05-02T23:50:41Z
287,3182,2021-03-03T20:19:48Z,2021-03-10T01:42:48Z
385,850,2020-11-27T19:29:43Z,2020-12-04T03:33:43Z
783,2910,2021-03-23T19:13:49Z,2021-03-24T13:51:49Z
790,8797,2020-10-16T20:53:12Z,2020-10-17T19:20:12Z
930,7291,2021-05-05T18:44:23Z,2021-05-08T21:35:23Z
270,4487,2021-05-19T10:14:39Z,2021-05-23T04:15:39Z
19,351,2020-08-26T06:37:26Z,2020-09-02T06:12:26Z
196,6900,2020-08-19T04:23:39Z,2020-08-20T04:08:39Z
817,2628,2021-06-10T09:50:43Z,2021-06-11T02:50:43Z
962,7655,2020-10-23T02:26:24Z,2020-10-29T13:15:24Z
655,9951,2021-04-14T00:13:35Z,2021-04-14T17:19:35Z
364,1374,2021-06-16T07:35:56Z,2021-06-17T09:24:56Z
407,9819,2021-02-24T08:48:44Z,2021-02-28T23:40:44Z
598,7333,2021-05-11T08:22:13Z,2021-05-18T03:56:13Z
804,1574,2021-07-01T10:56:00Z,2021-07-02T12:46:00Z
988,9742,2021-06-05T20:07:05Z,2021-06-08T02:59:05Z
395,4369,2020-11-10T01:00:39Z,2020-11-15T16:49:39Z
602,5741,2021-01-31T01:39:22Z,2021-02-03T10:45:22Z
610,1995,2021-02-26T05:58:00Z,2021-03-02T08:27:00Z
954,3072,2021-06-07T15:54:47Z,2021-06-10T23:34:47Z
255,3276,2020-08-18T02:45:56Z,2020-08-20T07:57:56Z
318,2870,2021-04-11T03:33:09Z,2021-04-13T09:21:09Z
543,3079,2021-05-26T00:42:36Z,2021-05-27T08:58:36Z
302,4084,2020-10-15T07:58:14Z,2020-10-19T13:00:14Z
411,2929,2020-10-03T04:52:51Z,2020-10-05T06:07:51Z
335,8918,2021-05-19T13:40:25Z,2021-05-20T23:57:25Z
115,5328,2020-07-26T04:50:48Z,2020-07-28T18:07:48Z
125,7666,2021-01-29T18:04:05Z,2021-01-30T23:43:05Z
723,9115,2020-09-28T01:08:57Z,2020-10-04T05:49:57Z
749,2580,2020-07-12T19:32:53Z,2020-07-16T04:51:53Z
714,7055,2021-07-03T11:32:55Z,2021-07-05T15:43:55Z
339,8250,2020-12-07T11:50:01Z,2020-12-11T22:18:01Z
231,5348,2020-11-01T03:47:52Z,2020-11-02T19:20:52Z
961,976,2021-06-11T23:37:26Z,2021-06-14T09:30:26Z
233,7213,2021-01-27T22:32:52Z,2021-02-01T02:43:52Z
597,6757,2020-07-09T14:07:45Z,2020-07-13T12:35:45Z
493,6192,2020-09-15T21:24:30Z,2020-09-17T18:07:30Z
380,5025,2020-12-04T20:50:52Z,2020-12-05T12:12:52Z
933,1241,2020-07-21T20:54:21Z,2020-07-25T10:59:21Z
886,2898,2021-02-16T22:26:17Z,2021-02-22T09:38:17Z
6,8382,2020-12-26T20:50:49Z,2020-12-30T19:49:49Z
808,1071,2020-09-27T10:15:19Z,2020-09-29T14:48:19Z
826,4230,2021-02-08T02:46:48Z,2021-02-11T23:25:48Z
94,9510,2020-09-03T09:44:31Z,2020-09-09T19:08:31Z
65,8340,2020-09-03T22:47:45Z,2020-09-10T16:21:45Z
990,7288,2020-11-30T10:19:55Z,2020-12-06T08:30:55Z
567,5813,2021-05-13T06:16:07Z,2021-05-17T16:25:07Z
601,8389,2021-01-27T15:58:20Z,2021-02-01T19:34:20Z
882,1255,2020-07-09T16:11:03Z,2020-07-12T19:50:03Z
284,5759,2020-09-28T09:14:04Z,2020-10-05T04:04:04Z
355,6773,2021-01-25T04:14:22Z,2021-01-26T17:16:22Z
600,5713,2021-06-27T23:16:54Z,2021-07-01T19:28:54Z
226,5126,2021-02-10T21:29:57Z,2021-02-11T17:51:57Z
838,4289,2021-06-03T04:33:31Z,2021-06-07T06:02:31Z
466,8040,2020-09-21T11:55:54Z,2020-09-25T14:51:54Z
267,8501,2020-09-03T13:01:53Z,2020-09-04T10:13:53Z
381,8314,2021-06-01T22:35:47Z,2021-06-07T14:33:47Z
544,4816,2021-05-19T01:53:31Z,2021-05-21T07:48:31Z
513,8526,2020-08-29T13:58:20Z,2020-09-01T08:42:20Z
939,8406,2021-07-02T22:45:29Z,2021-07-04T21:18:29Z
977,1955,2020-11-28T12:37:36Z,2020-11-28T14:01:36Z
301,8163,2021-02-15T20:15:03Z,2021-02-19T09:44:03Z
276,5867,2021-01-31T03:12:54Z,2021-02-05T11:29:54Z
292,9044,2021-03-27T05:46:06Z,2021-03-30T17:58:06Z
897,6976,2021-06-25T12:05:27Z,2021-06-26T07:50:27Z
836,1060,2021-07-02T11:51:53Z,2021-07-04T16:43:53Z
769,5099,2021-05-30T08:21:34Z,2021-06-05T05:14:34Z
452,823,2021-03-14T20:33:45Z,2021-03-18T20:57:45Z
770,1591,2021-05-27T20:49:38Z,2021-06-02T15:28:38Z
815,2331,2020-10-16T00:07:59Z,2020-10-22T07:15:59Z
576,150,2021-02-23T20:20:48Z,2021-02-24T04:15:48Z
410,3871,2021-04-29T13:17:33Z,2021-05-02T04:42:33Z
98,8407,2021-04-30T11:40:10Z,2021-05-06T04:49:10Z
307,1676,2020-07-22T05:57:59Z,2020-07-26T03:50:59Z
402,1072,2021-04-10T15:06:59Z,2021-04-17T01:18:59Z
445,8636,2020-12-04T19:31:01Z,2020-12-07T09:11:01Z
854,6659,2021-01-15T13:30:28Z,2021-01-19T16:12:28Z
573,4727,2021-05-27T02:41:39Z,2021-05-27T15:33:39Z
4,3108,2021-01-13T05:00:06Z,2021-01-20T04:37:06Z
263,7361,2020-07-26T17:44:15Z,2020-08-01T08:55:15Z
765,9862,2020-09-08T19:29:10Z,2020-09-11T07:18:10Z
622,7252,2021-06-22T22:44:13Z,2021-06-24T10:43:13Z
783,3021,2021-04-18T04:12:39Z,2021-04-24T08:14:39Z
807,5939,2020-08-30T14:00:53Z,2020-08-31T20:02:53Z
280,3445,2021-02-23T05:37:37Z,2021-02-24T20:51:37Z
657,8733,2021-01-08T06:04:39Z,2021-01-12T14:08:39Z
32,7128,2020-10-08T04:27:03Z,2020-10-10T15:36:03Z
124,5092,2020-08-05T11:58:25Z,2020-08-09T12:04:25Z
227,9911,2020-12-17T03:37:29Z,2020-12-23T11:03:29Z
361,8922,2021-03-15T20:02:40Z,2021-03-20T20:56:40Z
844,6711,2020-12-28T23:07:15Z,2021-01-02T21:24:15Z
916,8051,2020-09-09T09:43:35Z,2020-09-15T01:38:35Z
117,8056,2021-04-02T09:24:43Z,2021-04-06T04:08:43Z
543,5803,2021-05-10T14:04:21Z,2021-05-11T22:32:21Z
57,1418,2020-10-17T14:47:55Z,2020-10-19T02:07:55Z
602,8909,2020-12-02T05:35:28Z,2020-12-05T12:16:28Z
528,8166,2021-05-25T00:45:46Z,2021-05-28T10:59:46Z
531,9750,2020-10-01T23:56:43Z,2020-10-02T20:44:43Z
30,4933,2020-07-24T20:25:58Z,2020-07-26T15:31:58Z
412,3374,2021-01-10T06:23:32Z,2021-01-10T19:49:32Z
982,4783,2020-10-29T21:34:44Z,2020-11-04T12:04:44Z
51,4395,2021-06-21T21:33:34Z,2021-06-26T16:06:34Z
799,1404,2020-08-29T16:15:21Z,2020-09-01T18:15:21Z
662,3648,2020-07-20T17:29:02Z,2020-07-22T18:37:02Z
694,2862,2021-04-17T11:29:08Z,2021-04-20T00:05:08Z
656,936,2021-01-28T11:33:58Z,2021-02-04T06:47:58Z
942,6548,2021-04-16T02:14:42Z,2021-04-19T05:10:42Z
299,9267,2021-06-27T04:42:45Z,2021-06-30T10:09:45Z
110,1880,2020-07-31T13:15:20Z,2020-08-01T18:52:20Z
750,263,2021-07-06T06:06:27Z,2021-07-10T21:46:27Z
718,4406,2021-03-05T13:30:00Z,2021-03-07T15:50:00Z
887,6572,2021-07-07T02:50:10Z,2021-07-10T01:13:10Z
863,813,2020-10-04T20:57:00Z,2020-10-09T17:42:00Z
203,8123,2021-02-08T15:51:43Z,2021-02-10T12:02:43Z
58,5671,2020-11-21T08:36:03Z,2020-11-23T13:33:03Z
447,2471,2021-06-03T13:52:34Z,2021-06-10T08:19:34Z
806,9325,2020-07-16T21:51:43Z,2020-07-23T10:09:43Z
317,5475,2021-02-02T18:31:44Z,2021-02-07T08:11:44Z
568,167,2021-03-08T14:10:03Z,2021-03-15T00:20:03Z
459,5641,2021-06-09T00:28:14Z,2021-06-11T22:19:14Z
240,6000,2020-10-17T07:55:29Z,2020-10-23T14:14:29Z
389,1229,2020-11-04T20:47:53Z,2020-11-06T11:49:53Z
811,5511,2020-12-01T09:52:14Z,2020-12-01T11:44:14Z
227,1005,2021-01-12T19:03:53Z,2021-01-17T15:32:53Z
547,5862,2020-11-23T16:25:35Z,2020-11-29T09:36:35Z
267,9550,2020-12-16T10:32:36Z,2020-12-17T16:58:36Z
313,7901,2021-03-31T01:00:35Z,2021-04-01T22:43:35Z
598,8018,2020-12-12T00:17:25Z,2020-12-16T18:44:25Z
437,9814,2021-02-11T17:29:01Z,2021-02-18T15:38:01Z
26,3303,2021-06-08T08:11:13Z,2021-06-10T21:39:13Z
93,3690,2021-06-10T23:18:48Z,2021-06-17T16:18:48Z
195,456,2020-11-21T20:30:42Z,2020-11-27T06:08:42Z
783,6169,2021-03-03T06:42:48Z,2021-03-04T11:00:48Z
595,1337,2021-02-21T18:21:24Z,2021-02-22T15:53:24Z
952,109,2020-09-12T11:37:48Z,2020-09-16T17:36:48Z
564,6751,2021-02-25T09:45:47Z,2021-02-28T21:04:47Z
326,1029,2021-02-18T17:40:30Z,2021-02-24T00:00:30Z
721,4310,2021-01-04T22:04:13Z,2021-01-05T12:38:13Z
285,5241,2020-12-03T23:50:00Z,2020-12-06T10:23:00Z
127,1111,2021-02-05T23:56:58Z,2021-02-12T06:33:58Z
427,3037,2020-09-09T18:18:21Z,2020-09-12T10:44:21Z
420,5959,2021-06-04T02:42:34Z,2021-06-10T00:43:34Z
1,8130,2020-08-28T21:49:09Z,2020-08-28T22:26:09Z
704,9961,2020-09-07T02:19:13Z,2020-09-11T10:53:13Z
173,2345,2021-06-04T08:11:55Z,2021-06-09T14:28:55Z
889,3593,2021-06-17T00:34:11Z,2021-06-18T08:10:11Z
882,3704,2020-11-21T17:33:08Z,2020-11-27T05:37:08Z
261,7119,2020-12-08T07:11:23Z,2020-12-09T19:01:23Z
713,357,2020-11-24T00:23:43Z,2020-11-24T08:31:43Z
704,5780,2021-05-30T12:12:34Z,2021-06-04T16:08:34Z
318,5352,2020-09-17T20:13:14Z,2020-09-22T15:27:14Z
701,9307,2021-02-05T18:28:37Z,2021-02-08T19:05:37Z
472,9345,2020-10-29T00:03:20Z,2020-11-03T15:09:20Z
166,6634,2020-12-06T00:59:16Z,2020-12-11T22:36:16Z
212,6508,2021-03-04T02:23:54Z,2021-03-06T00:03:54Z
828,4544,2021-06-27T03:41:43Z,2021-06-29T10:08:43Z
389,9143,2020-11-19T07:14:21Z,2020-11-23T10:51:21Z
52,3047,2021-04-27T05:38:37Z,2021-04-27T22:25:37Z
229,8228,2020-12-03T02:58:31Z,2020-12-03T09:39:31Z
971,4728,2021-02-05T13:51:44Z,2021-02-05T23:56:44Z
396,5280,2021-03-09T04:18:28Z,2021-03-14T01:05:28Z
242,8348,2020-11-23T09:43:37Z,2020-11-29T09:55:37Z
934,5206,2021-03-20T16:06:29Z,2021-03-24T01:54:29Z
468,3090,2021-02-04T22:39:44Z,2021-02-10T03:34:44Z
951,6459,2021-05-10T00:25:45Z,2021-05-10T12:36:45Z
735,7592,2020-10-25T22:11:11Z,2020-10-25T22:45:11Z
974,4938,2020-09-16T17:14:55Z,2020-09-18T16:58:55Z
770,4759,2020-07-23T06:16:59Z,2020-07-29T09:45:59Z
456,6289,2021-01-26T16:27:00Z,2021-02-02T16:01:00Z
715,6257,2020-08-05T07:00:54Z,2020-08-10T12:44:54Z
467,3548,2020-08-12T15:17:45Z,2020-08-18T02:48:45Z
9,7023,2021-02-13T04:59:48Z,2021-02-17T03:59:48Z
201,4636,2020-10-06T23:56:49Z,2020-10-13T12:00:49Z
578,4662,2020-07-15T03:36:15Z,2020-07-19T03:10:15Z
759,6271,2021-04-26T13:36:38Z,2021-04-28T20:09:38Z
698,6327,2020-12-12T23:47:20Z,2020-12-17T01:49:20Z
83,631,2021-01-02T15:03:57Z,2021-01-03T15:39:57Z
626,4302,2021-01-24T19:54:05Z,2021-01-31T06:47:05Z
191,630,2020-09-05T12:24:29Z,2020-09-05T14:25:29Z
606,3368,2020-11-21T19:21:47Z,2020-11-24T21:53:47Z
659,6930,2021-01-29T13:48:53Z,2021-01-31T17:28:53Z
858,4637,2021-06-11T13:48:49Z,2021-06-15T17:57:49Z
309,26,2020-09-23T20:53:22Z,2020-09-30T03:54:22Z
103,6166,2020-09-14T14:47:42Z,2020-09-17T09:55:42Z
220,6545,2021-06-12T07:53:05Z,2021-06-15T04:33:05Z
733,8547,2020-08-30T03:48:33Z,2020-08-30T11:54:33Z
167,387,2021-02-13T04:08:28Z,2021-02-18T11:47:28Z
240,726,2020-09-17T23:14:11Z,2020-09-23T06:02:11Z
733,8025,2020-07-28T19:41:31Z,2020-07-31T16:16:31Z
541,1681,2020-08-21T12:06:03Z,2020-08-25T22:05:03Z
481,4801,2020-10-17T10:50:26Z,2020-10-23T13:22:26Z
722,8190,2021-04-24T12:40:24Z,2021-04-24T23:48:24Z
9,9373,2020-09-18T22:36:22Z,2020-09-23T17:48:22Z
223,153,2021-04-19T14:30:53Z,2021-04-24T23:36:53Z
110,1310,2020-10-27T09:45:11Z,2020-10-31T04:15:11Z
232,8412,2020-09-15T06:35:47Z,2020-09-18T06:36:47Z
226,1371,2020-08-12T01:37:42Z,2020-08-12T18:14:42Z
937,6854,2020-08-31T03:02:41Z,2020-08-31T11:05:41Z
140,4259,2020-08-29T12:41:04Z,2020-09-01T11:54:04Z
737,4518,2021-04-13T13:40:16Z,2021-04-19T21:35:16Z
16,8615,2021-04-09T19:21:56Z,2021-04-15T07:52:56Z
367,1721,2021-07-06T08:02:11Z,2021-07-10T12:22:11Z
835,1559,2020-12-14T14:33:41Z,2020-12-20T01:54:41Z
244,9540,2021-01-29T12:11:27Z,2021-02-04T23:08:27Z
861,3918,2020-09-16T05:36:46Z,2020-09-19T13:27:46Z
230,7256,2021-06-10T03:58:31Z,2021-06-15T07:02:31Z
325,1032,2020-10-02T04:09:44Z,2020-10-03T16:26:44Z
1000,6691,2020-10-27T08:41:02Z,2020-10-29T11:51:02Z
911,8184,2021-01-17T11:06:44Z,2021-01-21T14:12:44Z
254,3316,2020-10-15T08:13:53Z,2020-10-16T23:56:53Z
674,4138,2021-05-31T22:55:22Z,2021-06-02T04:42:22Z
430,4626,2021-06-11T10:46:22Z,2021-06-14T08:27:22Z
18,8528,2020-12-12T23:14:10Z,2020-12-18T05:44:10Z
435,7845,2021-02-18T07:05:07Z,2021-02-21T14:48:07Z
221,4078,2021-03-05T14:26:27Z,2021-03-12T02:23:27Z
714,7028,2020-12-09T07:45:32Z,2020-12-11T13:31:32Z
764,7050,2020-08-13T03:05:36Z,2020-08-16T22:43:36Z
339,8003,2020-10-02T03:26:28Z,2020-10-05T14:17:28Z
510,6019,2021-03-20T12:14:13Z,2021-03-26T07:37:13Z
325,9372,2021-06-06T05:04:44Z,2021-06-09T05:45:44Z
125,4947,2021-02-11T15:54:51Z,2021-02-14T12:06:51Z
605,8588,2021-03-26T00:13:27Z,2021-04-01T13:59:27Z
126,2246,2021-03-18T23:31:43Z,2021-03-20T23:34:43Z
964,1492,2020-08-02T06:11:50Z,2020-08-07T04:45:50Z
402,3813,2021-05-26T10:21:38Z,2021-05-30T04:43:38Z
598,4916,2021-01-29T16:44:31Z,2021-01-31T16:19:31Z
939,5291,2021-05-02T08:20:22Z,2021-05-08T00:31:22Z
499,9339,2020-10-09T20:08:36Z,2020-10-15T22:00:36Z
667,8778,2021-06-30T22:39:43Z,2021-07-07T07:03:43Z
559,5977,2021-03-15T11:47:17Z,2021-03-20T07:08:17Z
669,9368,2020-10-25T16:03:23Z,2020-10-29T13:23:23Z
588,9842,2020-08-29T21:45:03Z,2020-08-31T10:20:03Z
788,9601,2021-03-28T12:38:11Z,2021-04-02T05:01:11Z
664,5942,2021-04-07T11:31:31Z,2021-04-12T06:38:31Z
488,7991,2020-09-04T16:14:27Z,2020-09-11T13:39:27Z
642,2101,2020-07-29T02:23:48Z,2020-08-02T18:35:48Z
549,6969,2021-04-08T10:12:48Z,2021-04-14T22:37:48Z
940,4219,2020-09-18T21:47:09Z,2020-09-21T11:28:09Z
466,560,2021-06-20T17:11:49Z,2021-06-21T03:58:49Z
926,8432,2021-06-25T02:54:31Z,2021-06-26T02:34:31Z
273,1696,2021-01-16T18:24:19Z,2021-01-18T00:10:19Z
171,7023,2021-03-11T03:53:40Z,2021-03-11T15:26:40Z
351,8054,2021-03-14T16:58:30Z,2021-03-21T00:05:30Z
982,6489,2020-09-02T02:11:42Z,2020-09-06T18:44:42Z
616,3972,2020-11-29T10:26:07Z,2020-12-01T18:18:07Z
681,2527,2020-10-14T01:04:42Z,2020-10-15T14:54:42Z
669,5698,2021-02-14T06:51:26Z,2021-02-17T02:12:26Z
946,3724,2021-03-07T18:21:44Z,2021-03-09T12:03:44Z
124,9778,2020-09-07T09:18:21Z,2020-09-14T07:18:21Z
80,5508,2020-07-21T11:22:29Z,2020-07-23T21:01:29Z
903,7375,2021-04-06T09:20:14Z,2021-04-10T03:56:14Z
500,5258,2021-07-04T18:45:00Z,2021-07-06T00:39:00Z
138,1529,2020-09-12T09:22:25Z,2020-09-15T19:57:25Z
263,7216,2020-09-12T19:44:27Z,2020-09-14T00:39:27Z
708,1143,2021-01-05T05:53:57Z,2021-01-05T21:48:57Z
58,5818,2020-07-15T06:03:50Z,2020-07-18T21:38:50Z
863,8897,2021-05-28T18:49:35Z,2021-05-30T00:30:35Z
866,8433,2021-03-22T14:02:53Z,2021-03-25T18:38:53Z
844,7677,2021-05-04T18:29:44Z,2021-05-08T10:23:44Z
2,7694,2020-09-11T16:42:39Z,2020-09-18T08:43:39Z
756,571,2020-11-19T07:05:54Z,2020-11-22T02:29:54Z
960,7684,2020-12-30T05:09:49Z,2021-01-03T18:55:49Z
967,7012,2021-03-07T00:22:52Z,2021-03-09T09:32:52Z
922,89,2020-10-11T04:58:23Z,2020-10-17T22:08:23Z
119,695,2020-08-10T04:33:57Z,2020-08-12T16:50:57Z
383,1431,2021-05-14T07:16:22Z,2021-05-17T10:05:22Z
920,6318,2020-11-11T18:04:38Z,2020-11-17T22:18:38Z
249,4438,2021-01-30T07:41:29Z,2021-02-04T05:54:29Z
976,7836,2020-09-27T04:23:31Z,2020-10-03T08:43:31Z
77,3017,2021-02-24T06:35:32Z,2021-02-25T20:31:32Z
613,5287,2020-07-28T16:03:19Z,2020-07-31T13:31:19Z
72,9054,2020-09-05T06:47:10Z,2020-09-10T16:09:10Z
489,7975,2020-11-13T07:36:56Z,2020-11-18T07:34:56Z
548,8212,2020-10-11T15:37:24Z,2020-10-17T11:57:24Z
31,1620,2021-01-07T01:15:32Z,2021-01-09T12:21:32Z
890,3281,2021-05-03T08:30:11Z,2021-05-06T01:41:11Z
165,8103,2020-08-20T22:58:12Z,2020-08-25T08:49:12Z
939,4130,2020-07-19T21:11:02Z,2020-07-21T05:20:02Z
272,6275,2020-12-04T21:27:24Z,2020-12-06T04:49:24Z
377,290,2020-09-29T17:06:07Z,2020-10-01T20:53:07Z
563,5354,2021-07-05T04:31:12Z,2021-07-08T19:19:12Z
701,7786,2021-07-02T14:43:11Z,2021-07-09T01:55:11Z
616,4045,2021-01-26T06:52:30Z,2021-01-29T00:41:30Z
172,952,2021-04-18T03:52:39Z,2021-04-23T14:01:39Z
352,2053,2021-06-10T05:17:19Z,2021-06-16T19:39:19Z
75,9381,2021-01-31T17:51:51Z,2021-02-07T06:46:51Z
663,7025,2020-11-13T21:43:52Z,2020-11-19T01:32:52Z
856,4864,2021-01-04T20:36:27Z,2021-01-09T02:34:27Z
208,347,2021-02-15T15:51:53Z,2021-02-17T22:19:53Z
782,2175,2020-12-06T07:34:52Z,2020-12-08T04:27:52Z
503,3602,2021-03-12T07:10:43Z,2021-03-14T22:06:43Z
812,2738,2020-09-03T20:19:57Z,2020-09-05T21:57:57Z
12,4431,2020-11-03T10:12:21Z,2020-11-03T22:23:21Z
685,9293,2021-02-26T13:12:42Z,2021-03-04T22:01:42Z
247,6571,2020-10-31T14:13:42Z,2020-11-03T04:08:42Z
550,1474,2020-09-15T11:07:10Z,2020-09-20T11:59:10Z
894,3177,2020-08-29T03:50:42Z,2020-08-30T11:27:42Z
424,9041,2020-08-14T07:46:05Z,2020-08-17T04:52:05Z
725,586,2020-12-26T00:25:45Z,2020-12-29T23:47:45Z
436,67,2021-04-12T09:01:01Z,2021-04-17T08:12:01Z
632,4594,2020-12-21T23:15:19Z,2020-12-25T21:04:19Z
630,4695,2020-08-22T20:03:58Z,2020-08-23T17:26:58Z
72,1191,2020-12-13T03:30:40Z,2020-12-19T06:56:40Z
615,7577,2021-01-17T15:08:00Z,2021-01-20T04:42:00Z
758,5090,2021-03-26T20:12:23Z,2021-04-02T10:55:23Z
574,7952,2020-11-24T03:02:13Z,2020-11-30T02:13:13Z
594,6978,2021-06-24T03:32:15Z,2021-06-27T07:54:15Z
138,6779,2021-05-01T10:37:13Z,2021-05-06T12:19:13Z
451,6723,2021-07-08T23:24:58Z,2021-07-13T05:07:58Z
702,8377,2020-11-18T01:23:52Z,2020-11-22T10:23:52Z
606,7285,2021-02-22T09:38:04Z,2021-02-27T15:41:04Z
844,6760,2021-04-25T16:23:09Z,2021-04-27T16:00:09Z
739,3089,2021-07-04T01:45:46Z,2021-07-06T14:57:46Z
552,790,2021-03-23T01:19:13Z,2021-03-28T21:54:13Z
225,4668,2020-10-20T06:48:55Z,2020-10-22T21:11:55Z
303,5128,2020-09-04T11:20:59Z,2020-09-05T12:13:59Z
448,9769,2021-06-28T03:07:11Z,2021-07-04T07:42:11Z
489,3215,2021-05-24T03:40:23Z,2021-05-30T18:24:23Z
473,2794,2020-10-09T00:31:40Z,2020-10-14T11:22:40Z
850,5347,2020-08-11T22:19:51Z,2020-08-16T13:14:51Z
244,2705,2021-06-26T01:49:19Z,2021-06-27T00:16:19Z
514,4249,2020-09-11T14:17:35Z,2020-09-12T10:59:35Z
483,9550,2020-09-29T09:57:51Z,2020-09-30T14:21:51Z
194,6198,2020-11-05T13:44:24Z,2020-11-10T20:09:24Z
892,7148,2020-09-25T00:27:21Z,2020-10-01T06:54:21Z
817,6115,2020-09-30T07:49:12Z,2020-09-30T13:01:12Z
48,5739,2020-09-15T07:44:05Z,2020-09-16T17:57:05Z
172,2968,2021-07-07T20:26:43Z,2021-07-08T05:16:43Z
585,6704,2021-05-09T01:59:19Z,2021-05-12T17:23:19Z
559,3073,2021-06-09T02:08:49Z,2021-06-14T04:28:49Z
150,9685,2020-07-19T23:39:23Z,2020-07-24T02:26:23Z
395,1307,2021-06-20T01:35:03Z,2021-06-26T16:33:03Z
268,2518,2020-10-14T01:26:30Z,2020-10-14T18:20:30Z
380,56,2020-12-05T17:35:18Z,2020-12-10T06:43:18Z
167,2556,2020-08-03T04:54:21Z,2020-08-05T06:23:21Z
907,6498,2021-02-16T20:01:12Z,2021-02-16T22:33:12Z
800,3028,2021-05-19T03:42:40Z,2021-05-20T10:04:40Z
783,1546,2020-09-02T02:11:33Z,2020-09-07T22:51:33Z
224,7961,2021-06-11T22:26:47Z,2021-06-12T06:19:47Z
955,7712,2021-01-09T18:25:33Z,2021-01-16T09:42:33Z
52,801,2021-03-01T11:14:42Z,2021-03-02T21:18:42Z
582,7282,2021-03-28T04:03:38Z,2021-04-03T00:16:38Z
567,5623,2020-08-24T23:54:09Z,2020-08-28T10:52:09Z
186,6704,2021-04-08T08:16:36Z,2021-04-08T12:33:36Z
855,6518,2021-03-15T11:43:42Z,2021-03-17T23:59:42Z
419,2083,2021-05-10T00:54:40Z,2021-05-16T09:28:40Z
841,4970,2020-11-21T01:06:07Z,2020-11-22T05:38:07Z
313,1557,2020-08-31T15:05:34Z,2020-09-02T07:39:34Z
507,2345,2020-12-04T17:41:30Z,2020-12-09T06:13:30Z
31,1067,2021-05-01T17:03:19Z,2021-05-04T03:36:19Z
36,552,2021-06-30T13:06:04Z,2021-07-03T13:35:04Z
418,343,2020-10-10T21:47:59Z,2020-10-11T09:03:59Z
605,6744,2021-03-03T13:39:31Z,2021-03-06T20:24:31Z
997,957,2020-09-30T23:46:27Z,2020-10-05T09:58:27Z
168,2772,2021-04-02T10:30:57Z,2021-04-08T02:23:57Z
434,1212,2021-02-27T23:17:37Z,2021-03-03T11:54:37Z
868,5548,2021-03-15T06:00:38Z,2021-03-21T22:48:38Z
389,4351,2020-10-11T14:00:09Z,2020-10-14T06:22:09Z
545,5736,2020-11-19T09:22:01Z,2020-11-20T19:37:01Z
73,4244,2020-10-14T03:38:26Z,2020-10-18T00:50:26Z
872,2973,2021-01-27T23:17:36Z,2021-02-03T14:12:36Z
891,8228,2020-11-15T12:32:05Z,2020-11-18T02:03:05Z
465,6168,2020-09-25T16:46:58Z,2020-09-28T14:11:58Z
654,5124,2021-05-09T02:41:41Z,2021-05-12T07:15:41Z
386,9455,2020-11-19T09:41:10Z,2020-11-21T11:10:10Z
326,7573,2020-08-02T11:40:29Z,2020-08-06T22:16:29Z
797,8518,2020-10-05T06:14:12Z,2020-10-05T09:02:12Z
492,9721,2020-09-02T03:03:06Z,2020-09-08T23:29:06Z
895,3770,2021-04-26T03:13:03Z,2021-04-28T05:37:03Z
476,8548,2020-07-28T00:11:12Z,2020-08-01T17:27:12Z
830,359,2021-06-28T08:58:08Z,2021-07-03T04:57:08Z
784,7097,2021-04-20T17:19:48Z,2021-04-25T20:42:48Z
22,6353,2020-08-28T06:53:44Z,2020-09-03T10:19:44Z
483,8548,2021-03-17T14:05:15Z,2021-03-21T11:17:15Z
341,7046,2020-12-25T03:13:01Z,2020-12-29T09:24:01Z
202,2795,2020-10-01T02:18:06Z,2020-10-02T06:48:06Z
389,4956,2020-10-11T21:27:42Z,2020-10-15T09:07:42Z
165,7849,2021-06-23T09:04:09Z,2021-06-24T03:53:09Z
909,7786,2020-11-03T20:27:39Z,2020-11-05T20:07:39Z
989,7092,2021-02-04T13:35:45Z,2021-02-08T18:18:45Z
969,4467,2020-11-05T11:49:19Z,2020-11-10T13:37:19Z
774,1392,2020-07-19T22:45:42Z,2020-07-25T08:35:42Z
646,6311,2020-11-11T23:06:37Z,2020-11-16T11:44:37Z
606,1623,2021-06-08T21:47:52Z,2021-06-14T08:11:52Z
111,5578,2020-09-06T04:58:21Z,2020-09-08T06:18:21Z
329,2105,2020-11-09T18:10:51Z,2020-11-14T15:34:51Z
341,9277,2021-04-16T06:15:09Z,2021-04-20T04:36:09Z
58,8351,2020-09-21T22:21:50Z,2020-09-26T12:08:50Z
861,2719,2020-12-07T19:57:53Z,2020-12-13T08:41:53Z
882,5903,2021-01-05T15:46:09Z,2021-01-10T04:26:09Z
58,7998,2020-10-03T17:14:15Z,2020-10-07T00:35:15Z
878,333,2020-07-30T02:21:38Z,2020-08-01T15:59:38Z
111,9474,2020-07-14T03:36:33Z,2020-07-17T09:05:33Z
999,4201,2020-08-15T07:51:44Z,2020-08-15T14:57:44Z
927,976,2020-07-17T11:12:10Z,2020-07-18T01:25:10Z
222,1778,2020-12-08T16:22:48Z,2020-12-13T15:37:48Z
977,1050,2020-12-11T04:07:52Z,2020-12-13T17:40:52Z
907,9492,2021-05-20T03:13:32Z,2021-05-27T00:54:32Z
479,1809,2021-04-19T07:03:13Z,2021-04-21T05:35:13Z
916,7730,2021-03-14T14:32:34Z,2021-03-18T05:51:34Z
918,8985,2020-12-19T00:38:36Z,2020-12-22T08:51:36Z
184,9000,2021-03-09T19:45:37Z,2021-03-12T10:03:37Z
624,7013,2021-06-28T21:45:42Z,2021-07-03T22:21:42Z
98,9788,2020-09-29T22:20:09Z,2020-10-06T02:02:09Z
491,1052,2021-03-26T08:47:23Z,2021-03-31T01:03:23Z
134,9207,2021-03-26T11:06:55Z,2021-04-02T07:18:55Z
675,1236,2021-04-21T18:41:29Z,2021-04-28T01:38:29Z
722,1581,2021-03-27T16:19:22Z,2021-04-02T16:36:22Z
606,2813,2021-01-08T04:34:02Z,2021-01-12T20:57:02Z
561,8173,2021-05-01T09:10:59Z,2021-05-06T13:12:59Z
965,8710,2020-12-24T23:56:44Z,2020-12-27T13:18:44Z
214,1616,2020-10-26T14:59:46Z,2020-10-28T11:40:46Z
985,1318,2020-07-10T20:47:37Z,2020-07-12T17:28:37Z
281,7491,2021-02-15T06:14:01Z,2021-02-15T17:51:01Z
753,8089,2020-08-08T13:35:08Z,2020-08-12T15:49:08Z
83,8399,2021-01-08T20:10:41Z,2021-01-09T05:31:41Z
337,3937,2021-05-15T09:03:30Z,2021-05-20T22:41:30Z
2,1108,2021-02-27T07:55:40Z,2021-03-02T01:00:40Z
838,7826,2021-05-04T00:44:41Z,2021-05-06T03:55:41Z
48,6595,2021-05-19T06:16:42Z,2021-05-25T16:04:42Z
476,1914,2020-10-04T21:19:44Z,2020-10-10T07:45:44Z
294,4931,2020-09-26T07:39:57Z,2020-09-26T10:27:57Z
342,7663,2020-12-21T11:10:54Z,2020-12-25T22:13:54Z
926,2288,2020-08-10T13:11:01Z,2020-08-11T07:50:01Z
80,423,2021-01-08T14:04:13Z,2021-01-10T23:57:13Z
766,9532,2021-04-16T10:53:22Z,2021-04-22T09:22:22Z
983,8549,2021-05-24T14:21:43Z,2021-05-30T04:56:43Z
83,9751,2020-07-18T06:59:48Z,2020-07-18T09:54:48Z
249,3138,2020-10-30T21:01:36Z,2020-11-01T06:51:36Z
163,2362,2021-06-15T06:50:53Z,2021-06-19T11:44:53Z
634,8963,2020-10-16T01:13:10Z,2020-10-20T15:27:10Z
420,7795,2021-03-10T00:26:41Z,2021-03-10T01:29:41Z
40,3278,2020-08-31T12:37:13Z,2020-09-04T04:59:13Z
333,5238,2020-10-29T12:21:12Z,2020-11-03T05:44:12Z
449,7839,2020-10-10T10:06:23Z,2020-10-11T02:31:23Z
355,1100,2020-07-12T20:15:20Z,2020-07-17T15:07:20Z
860,265,2021-05-17T21:15:53Z,2021-05-18T21:02:53Z
369,1821,2020-12-14T04:26:46Z,2020-12-18T23:10:46Z
927,5970,2020-12-25T11:48:48Z,2020-12-29T08:12:48Z
242,5295,2020-08-16T00:49:32Z,2020-08-22T01:16:32Z
819,267,2021-06-23T19:32:47Z,2021-06-29T15:45:47Z
68,7611,2021-07-02T08:50:40Z,2021-07-03T09:29:40Z
320,3198,2021-03-27T08:00:45Z,2021-03-29T06:11:45Z
441,4452,2021-07-06T06:51:05Z,2021-07-12T13:31:05Z
901,2331,2021-06-03T05:42:53Z,2021-06-03T10:29:53Z
705,141,2020-08-22T16:00:30Z,2020-08-23T10:31:30Z
42,1062,2020-07-27T20:06:51Z,2020-07-31T16:29:51Z
627,9714,2020-07-31T01:19:47Z,2020-08-02T19:25:47Z
306,748,2020-08-21T04:16:54Z,2020-08-22T20:59:54Z
432,7990,2020-12-17T07:41:40Z,2020-12-18T13:10:40Z
682,3935,2020-07-19T15:06:03Z,2020-07-23T12:48:03Z
282,7565,2020-07-25T19:38:22Z,2020-07-30T22:00:22Z
612,3646,2020-12-21T04:11:24Z,2020-12-25T22:43:24Z
485,8138,2020-11-26T08:55:00Z,2020-11-28T21:52:00Z
932,3595,2021-05-29T19:30:45Z,2021-05-29T20:34:45Z
900,136,2021-06-29T01:40:47Z,2021-07-01T12:18:47Z
138,7411,2021-01-29T01:46:28Z,2021-02-04T07:50:28Z
115,4121,2020-08-02T21:08:25Z,2020-08-09T02:19:25Z
920,3120,2020-07-13T07:44:05Z,2020-07-15T22:47:05Z
240,8826,2021-01-02T14:53:09Z,2021-01-08T04:00:09Z
474,4294,2020-08-23T22:52:23Z,2020-08-24T14:00:23Z
720,6994,2021-05-02T05:48:07Z,2021-05-04T04:08:07Z
895,4223,2021-05-23T11:41:10Z,2021-05-27T02:54:10Z
157,8262,2020-10-09T20:04:03Z,2020-10-13T10:25:03Z
932,1674,2021-02-17T10:06:55Z,2021-02-21T03:03:55Z
1,250,2021-03-18T06:51:21Z,2021-03-18T21:18:21Z
301,3635,2021-04-17T08:29:43Z,2021-04-18T10:25:43Z
89,4941,2020-07-25T21:32:20Z,2020-08-01T02:27:20Z
220,7233,2020-09-13T18:48:37Z,2020-09-18T19:24:37Z
896,3478,2020-08-24T19:49:27Z,2020-08-29T11:59:27Z
999,6540,2020-10-04T09:19:11Z,2020-10-09T03:54:11Z
646,3845,2021-05-19T20:45:40Z,2021-05-26T09:38:40Z
12,8777,2020-11-23T15:44:26Z,2020-11-26T20:39:26Z
180,7584,2021-01-02T14:30:35Z,2021-01-02T17:47:35Z
992,9064,2021-07-07T10:05:44Z,2021-07-08T22:19:44Z
340,3628,2021-03-24T17:00:27Z,2021-03-30T07:26:27Z
112,5397,2021-04-09T14:51:34Z,2021-04-10T04:49:34Z
872,1906,2021-01-06T12:09:50Z,2021-01-11T18:22:50Z
654,5825,2021-04-25T07:44:03Z,2021-05-01T13:11:03Z
734,5972,2020-12-03T19:37:43Z,2020-12-07T14:48:43Z
285,517,2021-05-09T12:42:02Z,2021-05-14T05:13:02Z
310,1641,2020-12-23T03:53:35Z,2020-12-24T11:21:35Z
292,2167,2021-01-11T02:59:01Z,2021-01-12T18:57:01Z
14,1385,2021-02-25T15:18:54Z,2021-02-28T03:49:54Z
545,3653,2020-09-18T01:49:56Z,2020-09-22T14:19:56Z
154,4496,2021-06-21T10:07:27Z,2021-06-22T11:55:27Z
367,7015,2021-05-28T02:25:21Z,2021-05-31T07:35:21Z
973,1580,2021-06-07T03:34:45Z,2021-06-09T03:13:45Z
253,1535,2021-06-01T21:52:31Z,2021-06-07T20:35:31Z
614,1744,2021-04-21T10:01:08Z,2021-04-23T12:24:08Z
233,6482,2021-03-24T08:13:53Z,2021-03-28T19:52:53Z
186,1204,2021-01-01T15:12:06Z,2021-01-07T10:45:06Z
217,8704,2021-01-25T05:04:37Z,2021-01-27T22:12:37Z
421,2110,2021-07-03T20:48:52Z,2021-07-06T00:39:52Z
514,8133,2020-11-28T05:48:37Z,2020-11-28T15:41:37Z
907,3725,2021-02-27T18:51:29Z,2021-03-02T07:02:29Z
563,5463,2020-08-09T02:05:15Z,2020-08-09T20:50:15Z
406,3211,2021-01-29T06:58:08Z,2021-02-03T12:33:08Z
704,1397,2020-08-01T06:34:56Z,2020-08-04T16:09:56Z
976,5133,2020-11-05T00:43:33Z,2020-11-08T15:38:33Z
382,7255,2021-06-09T19:22:52Z,2021-06-15T09:02:52Z
872,4577,2020-12-27T19:37:41Z,2021-01-01T02:49:41Z
263,4265,2021-06-14T21:54:21Z,2021-06-16T02:38:21Z
691,2943,2021-04-21T03:41:41Z,2021-04-27T19:44:41Z
153,8065,2020-09-13T22:42:01Z,2020-09-14T16:01:01Z
395,1466,2020-11-14T02:47:45Z,2020-11-18T04:01:45Z
914,8805,2021-01-13T15:50:34Z,2021-01-18T00:04:34Z
726,5216,2021-03-03T06:42:48Z,2021-03-08T04:18:48Z
185,3754,2021-04-30T10:10:17Z,2021-05-04T16:33:17Z
743,9382,2021-05-11T11:03:00Z,2021-05-13T10:57:00Z
799,1219,2020-08-24T05:58:49Z,2020-08-26T14:44:49Z
694,8601,2020-08-15T05:16:15Z,2020-08-22T03:43:15Z
230,5134,2021-01-05T12:22:18Z,2021-01-07T18:46:18Z
830,6829,2021-03-02T07:12:44Z,2021-03-07T19:41:44Z
126,699,2021-05-13T05:17:33Z,2021-05-16T21:06:33Z
463,6948,2021-05-31T14:48:43Z,2021-06-06T00:16:43Z
203,6047,2020-07-19T21:16:44Z,2020-07-20T02:33:44Z
18,3289,2020-08-30T12:18:43Z,2020-09-05T14:10:43Z
61,5217,2020-07-21T22:41:19Z,2020-07-27T05:35:19Z
758,7272,2021-05-07T12:04:45Z,2021-05-12T12:33:45Z
290,721,2021-06-11T09:58:06Z,2021-06-15T19:53:06Z
981,3886,2021-03-12T14:10:00Z,2021-03-13T03:31:00Z
238,4519,2021-04-02T04:52:30Z,2021-04-06T12:26:30Z
686,85,2021-01-12T01:29:09Z,2021-01-18T00:13:09Z
610,9584,2021-01-12T20:06:11Z,2021-01-19T07:45:11Z
209,1838,2020-10-27T17:32:06Z,2020-10-30T15:51:06Z
20,1092,2020-12-07T18:01:34Z,2020-12-14T18:00:34Z
816,7336,2020-12-20T20:26:06Z,2020-12-25T12:07:06Z
758,3635,2021-04-26T19:14:52Z,2021-04-27T06:21:52Z
454,1349,2021-02-28T17:19:55Z,2021-03-07T01:56:55Z
25,7920,2020-08-19T10:37:07Z,2020-08-23T21:22:07Z
839,1186,2020-11-12T16:48:59Z,2020-11-18T07:54:59Z
768,7016,2020-10-03T05:52:38Z,2020-10-08T22:59:38Z
997,6633,2021-04-19T09:33:03Z,2021-04-19T19:43:03Z
729,9043,2021-04-27T09:51:18Z,2021-04-30T12:34:18Z
263,9860,2021-05-01T11:18:56Z,2021-05-08T10:22:56Z
370,1046,2020-09-15T18:11:21Z,2020-09-22T10:15:21Z
387,9065,2021-01-08T20:32:40Z,2021-01-14T09:53:40Z
505,6784,2020-09-29T03:10:30Z,2020-10-05T10:34:30Z
736,2193,2021-04-30T17:01:37Z,2021-05-07T10:23:37Z
406,9512,2020-09-04T22:01:18Z,2020-09-07T21:45:18Z
60,6502,2021-03-31T23:28:36Z,2021-04-06T02:28:36Z
224,620,2021-01-25T02:00:44Z,2021-01-27T15:08:44Z
82,6035,2020-10-05T05:34:33Z,2020-10-07T21:45:33Z
511,5859,2021-06-18T10:59:41Z,2021-06-20T04:37:41Z
608,2590,2021-06-01T21:56:30Z,2021-06-05T05:33:30Z
885,319,2021-04-07T02:20:18Z,2021-04-08T05:06:18Z
357,1419,2020-07-14T02:32:34Z,2020-07-19T10:22:34Z
619,5486,2021-02-18T12:10:59Z,2021-02-25T03:05:59Z
961,4318,2021-01-12T20:32:14Z,2021-01-14T11:06:14Z
403,7586,2021-01-03T00:05:01Z,2021-01-05T16:42:01Z
377,8474,2020-11-11T03:13:55Z,2020-11-15T16:17:55Z
73,7004,2020-09-14T09:15:48Z,2020-09-14T11:33:48Z
49,4767,2021-02-18T17:19:58Z,2021-02-22T09:34:58Z
165,8680,2021-03-12T14:51:54Z,2021-03-13T09:03:54Z
569,6640,2020-09-18T11:49:22Z,2020-09-22T18:25:22Z
309,6837,2021-03-24T10:46:34Z,2021-03-25T00:54:34Z
567,1444,2020-10-01T06:58:41Z,2020-10-03T11:44:41Z
610,1056,2020-10-23T09:10:51Z,2020-10-30T01:55:51Z
977,601,2020-07-10T22:03:12Z,2020-07-13T02:47:12Z
420,9466,2021-01-24T12:10:03Z,2021-01-28T00:02:03Z
618,4393,2021-04-05T10:48:20Z,2021-04-08T22:07:20Z
447,9404,2020-11-19T06:51:44Z,2020-11-20T19:23:44Z
138,6553,2021-02-06T20:35:44Z,2021-02-09T18:25:44Z
425,4336,2021-01-03T01:13:14Z,2021-01-06T18:43:14Z
473,2576,2021-04-30T02:01:42Z,2021-05-04T03:53:42Z
328,7683,2020-11-02T03:26:38Z,2020-11-05T04:40:38Z
494,3270,2020-07-24T04:44:38Z,2020-07-30T22:23:38Z
20,5911,2020-12-09T09:58:51Z,2020-12-09T20:57:51Z
346,7111,2020-10-24T14:13:29Z,2020-10-28T08:16:29Z
402,6425,2020-08-27T13:28:06Z,2020-08-28T00:25:06Z
560,5841,2021-01-23T05:52:24Z,2021-01-26T18:13:24Z
539,8660,2021-03-03T03:46:31Z,2021-03-04T08:27:31Z
832,6345,2020-07-14T10:18:10Z,2020-07-20T15:09:10Z
466,6025,2021-04-03T15:35:57Z,2021-04-09T02:52:57Z
772,9957,2021-04-26T08:54:48Z,2021-05-02T20:18:48Z
713,9016,2021-06-12T13:28:47Z,2021-06-17T01:14:47Z
277,8145,2020-12-19T04:59:21Z,2020-12-24T04:19:21Z
164,1940,2021-06-06T03:45:46Z,2021-06-09T14:02:46Z
603,6262,2021-06-11T02:40:33Z,2021-06-11T23:25:33Z
202,8986,2021-02-26T16:10:32Z,2021-02-28T06:41:32Z
960,1410,2020-10-20T02:26:32Z,2020-10-26T10:45:32Z
108,488,2021-06-20T12:34:52Z,2021-06-23T18:21:52Z
886,9397,2020-09-09T08:02:59Z,2020-09-12T08:03:59Z
185,8720,2020-12-22T18:26:44Z,2020-12-23T21:53:44Z
404,4750,2020-07-25T09:58:01Z,2020-07-31T14:01:01Z
555,9666,2020-10-06T08:45:56Z,2020-10-11T20:38:56Z
823,7114,2020-10-01T14:10:58Z,2020-10-03T00:05:58Z
363,1049,2020-09-20T16:44:12Z,2020-09-26T01:14:12Z
843,5219,2021-05-07T04:23:19Z,2021-05-12T05:05:19Z
634,1432,2020-08-31T06:24:22Z,2020-09-06T12:14:22Z
20,6666,2020-09-08T18:11:12Z,2020-09-13T18:00:12Z
152,6752,2021-06-16T06:07:34Z,2021-06-20T19:30:34Z
667,5351,2020-09-26T02:26:39Z,2020-09-30T20:56:39Z
803,2315,2021-06-22T07:43:54Z,2021-06-24T01:27:54Z
297,328,2020-11-30T07:45:06Z,2020-12-06T07:13:06Z
821,191,2020-09-20T20:25:04Z,2020-09-21T21:24:04Z
492,418,2021-05-03T09:29:43Z,2021-05-08T10:16:43Z
427,7495,2021-04-11T08:17:56Z,2021-04-11T13:39:56Z
999,2927,2020-12-03T11:11:45Z,2020-12-04T16:29:45Z
979,7285,2021-02-19T07:23:03Z,2021-02-21T20:22:03Z
474,5983,2020-08-31T06:33:00Z,2020-09-03T07:20:00Z
724,8338,2020-10-24T19:13:29Z,2020-10-26T19:44:29Z
558,3211,2021-02-08T01:33:12Z,2021-02-11T16:27:12Z
535,2098,2020-12-26T17:01:24Z,2021-01-01T05:26:24Z
695,2060,2021-04-25T14:29:03Z,2021-04-29T00:46:03Z
767,3223,2021-02-12T07:41:51Z,2021-02-12T19:18:51Z
19,9969,2020-09-09T13:04:17Z,2020-09-10T13:19:17Z
804,801,2021-02-07T07:30:20Z,2021-02-11T15:01:20Z
362,1867,2020-12-10T21:37:19Z,2020-12-17T05:42:19Z
600,6517,2021-04-27T20:45:27Z,2021-04-28T19:09:27Z
810,1021,2021-05-02T16:07:45Z,2021-05-07T18:00:45Z
669,8253,2020-07-27T20:44:22Z,2020-08-03T03:24:22Z
289,844,2020-12-06T17:24:54Z,2020-12-10T22:45:54Z
431,2499,2021-02-21T07:44:04Z,2021-02-26T11:42:04Z
571,2683,2020-11-25T05:38:13Z,2020-11-26T14:33:13Z
56,2891,2020-09-06T01:32:27Z,2020-09-07T04:36:27Z
765,1968,2020-09-08T15:03:28Z,2020-09-10T07:30:28Z
95,7790,2021-03-25T23:55:16Z,2021-04-01T20:01:16Z
388,9815,2021-01-22T00:13:20Z,2021-01-23T23:50:20Z
931,2452,2021-06-19T04:10:03Z,2021-06-22T01:28:03Z
613,66,2020-09-19T07:00:14Z,2020-09-23T19:10:14Z
346,399,2021-04-13T07:12:52Z,2021-04-15T19:23:52Z
77,2640,2020-08-20T01:13:12Z,2020-08-22T21:15:12Z
252,8969,2021-01-19T00:53:53Z,2021-01-22T05:55:53Z
850,7235,2021-06-06T05:08:38Z,2021-06-13T01:17:38Z
455,7219,2021-06-21T11:07:59Z,2021-06-25T11:37:59Z
374,9243,2021-03-09T00:18:43Z,2021-03-12T13:38:43Z
257,1705,2020-09-13T19:33:21Z,2020-09-14T07:40:21Z
490,1427,2021-07-01T19:12:31Z,2021-07-05T17:00:31Z
308,8321,2020-08-08T04:18:06Z,2020-08-12T19:05:06Z
261,4152,2020-08-19T23:11:22Z,2020-08-25T13:42:22Z
202,9625,2020-09-02T06:10:57Z,2020-09-07T08:18:57Z
142,859,2021-01-08T15:44:49Z,2021-01-15T02:45:49Z
816,8804,2020-09-09T19:45:57Z,2020-09-11T23:13:57Z
502,9914,2021-05-24T04:50:17Z,2021-05-29T04:35:17Z
737,3649,2021-02-19T00:05:51Z,2021-02-24T00:12:51Z
669,4991,2020-09-04T09:24:36Z,2020-09-04T22:11:36Z
45,6070,2020-09-12T04:23:29Z,2020-09-13T11:48:29Z
211,2782,2021-06-14T04:39:02Z,2021-06-15T10:54:02Z
9,2187,2020-08-15T21:23:12Z,2020-08-16T08:09:12Z
238,3859,2021-01-22T19:40:26Z,2021-01-26T02:50:26Z
861,3092,2021-04-20T11:18:57Z,2021-04-25T19:30:57Z
656,4130,2021-01-24T08:10:55Z,2021-01-28T21:33:55Z
377,6957,2020-07-14T10:50:44Z,2020-07-20T09:38:44Z
833,4376,2020-09-08T08:33:36Z,2020-09-15T02:31:36Z
775,1531,2021-03-28T10:28:24Z,2021-03-28T17:51:24Z
935,7091,2021-06-19T02:28:17Z,2021-06-21T19:55:17Z
738,3675,2021-04-21T01:05:04Z,2021-04-22T05:44:04Z
71,942,2021-02-01T00:24:01Z,2021-02-02T11:30:01Z
806,4478,2021-03-09T02:13:55Z,2021-03-11T06:31:55Z
942,4646,2021-04-23T03:19:16Z,2021-04-26T12:43:16Z
534,4420,2020-11-30T15:19:58Z,2020-12-04T05:32:58Z
900,5158,2021-04-18T17:37:42Z,2021-04-24T12:07:42Z
20,2945,2021-02-15T15:53:22Z,2021-02-18T21:23:22Z
168,5785,2021-07-03T12:47:49Z,2021-07-10T07:54:49Z
903,3518,2021-05-24T06:21:42Z,2021-05-29T13:48:42Z
858,9591,2020-12-30T12:32:53Z,2021-01-06T08:01:53Z
526,3568,2020-08-16T05:14:49Z,2020-08-16T09:47:49Z
283,6756,2021-04-06T23:18:02Z,2021-04-13T01:58:02Z
500,3577,2020-07-30T02:05:32Z,2020-08-03T00:56:32Z
254,9372,2020-08-28T00:43:01Z,2020-08-30T10:39:01Z
321,6617,2021-07-02T12:05:14Z,2021-07-06T06:34:14Z
967,8640,2020-08-10T21:11:02Z,2020-08-14T10:35:02Z
857,5810,2020-09-25T05:52:44Z,2020-09-30T20:29:44Z
252,7623,2020-12-09T20:27:02Z,2020-12-10T00:00:02Z
946,694,2021-02-21T16:02:54Z,2021-02-25T17:09:54Z
998,8772,2021-04-13T20:59:06Z,2021-04-15T05:11:06Z
861,4494,2021-04-02T07:40:16Z,2021-04-08T00:34:16Z
437,8679,2021-04-05T22:13:11Z,2021-04-11T16:09:11Z
792,7428,2021-05-02T07:38:12Z,2021-05-04T05:34:12Z
34,4474,2020-11-16T16:38:59Z,2020-11-21T23:09:59Z
520,7028,2020-08-03T18:46:56Z,2020-08-08T13:09:56Z
71,8193,2021-07-06T10:39:11Z,2021-07-10T20:57:11Z
826,351,2020-11-30T15:31:49Z,2020-12-07T02:59:49Z
401,3736,2020-11-13T23:41:26Z,2020-11-20T09:00:26Z
151,1442,2021-01-29T20:01:38Z,2021-01-31T19:50:38Z
390,4201,2021-04-25T14:52:55Z,2021-04-30T21:35:55Z
414,9760,2020-10-04T16:43:33Z,2020-10-10T12:30:33Z
335,6160,2020-10-03T19:01:59Z,2020-10-08T14:58:59Z
731,5600,2020-09-05T15:05:44Z,2020-09-06T23:54:44Z
354,7933,2020-09-14T00:39:32Z,2020-09-20T02:47:32Z
952,5370,2020-10-29T18:51:30Z,2020-11-03T05:23:30Z
113,7810,2021-06-15T05:26:56Z,2021-06-17T01:15:56Z
50,9814,2021-01-30T13:34:06Z,2021-02-02T03:03:06Z
879,2317,2020-08-19T18:28:05Z,2020-08-23T22:55:05Z
443,2890,2021-03-07T19:29:30Z,2021-03-13T19:10:30Z
542,4559,2021-03-01T12:17:55Z,2021-03-02T12:36:55Z
814,4619,2021-04-28T08:34:33Z,2021-04-28T15:12:33Z
926,4671,2021-03-24T11:44:06Z,2021-03-27T02:17:06Z
11,9599,2020-12-30T21:58:15Z,2021-01-02T12:21:15Z
550,6653,2021-06-24T11:47:19Z,2021-06-28T21:35:19Z
67,850,2020-11-09T12:42:11Z,2020-11-15T10:26:11Z
936,9225,2021-06-27T00:20:24Z,2021-06-28T12:47:24Z
949,3966,2020-08-12T17:57:27Z,2020-08-16T13:35:27Z
945,2229,2021-02-14T13:56:26Z,2021-02-15T10:59:26Z
195,1945,2020-12-25T09:50:04Z,2020-12-25T14:28:04Z
976,6545,2020-12-05T11:07:33Z,2020-12-06T00:57:33Z
36,9727,2021-01-04T10:37:52Z,2021-01-07T05:43:52Z
256,1334,2021-04-25T02:35:25Z,2021-04-30T10:12:25Z
684,7928,2020-09-13T10:20:45Z,2020-09-19T13:43:45Z
542,5268,2020-10-04T07:44:43Z,2020-10-10T13:06:43Z
390,2694,2020-10-08T06:29:55Z,2020-10-08T16:15:55Z
977,881,2021-04-08T20:25:51Z,2021-04-15T03:47:51Z
128,7437,2021-01-03T19:12:11Z,2021-01-07T22:48:11Z
898,1772,2021-07-07T22:18:19Z,2021-07-11T11:13:19Z
645,4763,2020-12-27T05:00:44Z,2021-01-01T06:47:44Z
2,5335,2021-02-07T09:44:37Z,2021-02-13T04:43:37Z
470,4643,2020-08-03T23:25:56Z,2020-08-08T21:43:56Z
196,4955,2021-04-23T10:31:04Z,2021-04-27T01:05:04Z
935,2017,2021-04-11T03:11:18Z,2021-04-16T01:03:18Z
309,6129,2021-02-28T22:30:54Z,2021-03-07T00:48:54Z
189,711,2021-04-01T05:44:36Z,2021-04-04T03:55:36Z
641,49,2021-07-01T11:26:44Z,2021-07-08T05:48:44Z
312,2856,2021-07-01T17:31:31Z,2021-07-06T18:40:31Z
324,8517,2021-05-04T13:30:11Z,2021-05-08T16:49:11Z
471,3367,2021-06-25T14:44:19Z,2021-06-27T13:18:19Z
29,1582,2021-01-06T12:48:15Z,2021-01-12T23:45:15Z
101,9658,2021-02-15T15:56:44Z,2021-02-20T14:49:44Z
669,7721,2021-04-29T06:51:39Z,2021-05-05T20:41:39Z
87,1806,2021-02-24T06:25:48Z,2021-02-27T04:06:48Z
807,7243,2020-10-29T02:47:36Z,2020-11-04T05:16:36Z
10,2172,2020-08-22T05:37:51Z,2020-08-26T02:12:51Z
514,7414,2021-06-16T17:10:23Z,2021-06-21T11:56:23Z
59,1460,2021-05-23T06:59:01Z,2021-05-29T01:54:01Z
545,1304,2020-12-09T08:21:38Z,2020-12-13T02:56:38Z
39,9738,2020-09-08T18:56:44Z,2020-09-11T04:26:44Z
376,8639,2020-08-15T08:32:14Z,2020-08-20T18:21:14Z
860,2741,2020-10-17T10:41:39Z,2020-10-23T09:09:39Z
955,2128,2021-01-29T17:17:54Z,2021-02-03T06:09:54Z
304,9632,2021-06-06T19:25:32Z,2021-06-08T21:50:32Z
338,1546,2021-06-23T13:27:34Z,2021-06-28T01:04:34Z
647,8198,2021-02-09T06:30:52Z,2021-02-15T01:35:52Z
167,2342,2020-10-13T07:22:21Z,2020-10-19T23:35:21Z
396,153,2021-01-08T17:57:08Z,2021-01-09T13:07:08Z
821,8945,2020-11-11T23:40:46Z,2020-11-13T06:02:46Z
1000,642,2020-11-30T09:53:08Z,2020-12-03T04:44:08Z
978,7670,2020-07-30T06:18:45Z,2020-08-05T20:44:45Z
917,3571,2021-02-06T00:57:17Z,2021-02-06T09:30:17Z
929,6159,2021-03-29T07:58:24Z,2021-04-04T18:16:24Z
437,3152,2020-07-19T13:05:21Z,2020-07-24T19:47:21Z
598,8667,2020-09-10T05:11:42Z,2020-09-10T09:26:42Z
20,7923,2020-08-14T20:51:48Z,2020-08-18T00:20:48Z
206,8904,2020-11-12T06:39:14Z,2020-11-17T04:47:14Z
905,1921,2021-05-03T23:14:12Z,2021-05-10T21:54:12Z
9,3954,2021-06-05T09:05:24Z,2021-06-05T14:35:24Z
305,9360,2020-10-05T05:11:29Z,2020-10-06T12:37:29Z
474,9266,2021-01-18T11:12:31Z,2021-01-24T13:53:31Z
593,7801,2021-01-20T20:56:12Z,2021-01-24T16:26:12Z
295,8087,2021-01-08T00:56:21Z,2021-01-08T18:52:21Z
585,9343,2020-11-15T17:09:27Z,2020-11-18T08:57:27Z
75,6457,2021-02-14T17:05:51Z,2021-02-17T07:47:51Z
910,7191,2020-08-20T07:15:13Z,2020-08-24T02:26:13Z
391,3970,2021-01-08T22:01:42Z,2021-01-10T09:06:42Z
866,6501,2021-03-31T21:58:47Z,2021-04-02T18:07:47Z
487,4863,2021-02-17T06:59:55Z,2021-02-20T07:15:55Z
976,7586,2021-04-24T11:39:38Z,2021-04-29T03:54:38Z
771,8992,2020-07-29T03:26:38Z,2020-08-01T21:04:38Z
173,7254,2020-11-07T03:39:06Z,2020-11-09T21:05:06Z
180,522,2020-08-11T10:13:40Z,2020-08-15T21:06:40Z
795,2144,2020-12-06T16:33:36Z,2020-12-07T02:28:36Z
245,8327,2021-04-04T12:54:05Z,2021-04-09T20:25:05Z
623,9214,2020-09-22T00:13:05Z,2020-09-24T23:49:05Z
356,4016,2020-10-22T16:58:33Z,2020-10-26T01:10:33Z
657,4564,2021-06-02T21:54:07Z,2021-06-03T01:08:07Z
138,8227,2020-09-09T23:49:56Z,2020-09-16T17:30:56Z
74,5661,2021-06-29T00:01:32Z,2021-07-04T09:13:32Z
137,1473,2021-01-20T02:04:23Z,2021-01-23T23:42:23Z
639,6309,2021-02-06T13:40:43Z,2021-02-08T19:44:43Z
31,4553,2020-09-19T08:21:43Z,2020-09-24T11:30:43Z
409,1389,2021-05-10T20:06:08Z,2021-05-13T20:43:08Z
795,1539,2021-02-04T15:12:43Z,2021-02-07T15:57:43Z
524,4000,2021-03-19T01:42:35Z,2021-03-21T09:24:35Z
936,1314,2021-06-25T14:41:49Z,2021-06-27T21:49:49Z
842,5034,2020-08-12T03:54:21Z,2020-08-18T15:13:21Z
802,1433,2020-11-27T12:47:32Z,2020-12-01T11:18:32Z
406,2506,2020-11-29T16:57:14Z,2020-12-06T00:09:14Z
385,4569,2020-09-29T09:24:22Z,2020-09-29T16:02:22Z
871,638,2021-03-01T15:31:08Z,2021-03-04T12:52:08Z
391,7951,2021-03-14T08:19:45Z,2021-03-20T15:24:45Z
490,3978,2021-05-14T17:01:52Z,2021-05-16T08:13:52Z
236,3059,2020-12-06T04:34:22Z,2020-12-08T10:19:22Z
747,9675,2021-06-04T04:41:07Z,2021-06-07T11:46:07Z
319,3941,2021-01-07T08:36:44Z,2021-01-08T18:07:44Z
944,3935,2021-05-15T14:31:29Z,2021-05-21T21:17:29Z
971,4205,2021-07-02T08:21:51Z,2021-07-06T08:46:51Z
68,9980,2021-03-10T07:17:17Z,2021-03-17T05:27:17Z
569,9014,2021-03-15T07:56:04Z,2021-03-20T08:59:04Z
812,4150,2021-07-08T08:50:25Z,2021-07-09T15:02:25Z
725,8792,2021-05-12T00:50:51Z,2021-05-12T11:01:51Z
102,5744,2021-05-15T02:51:20Z,2021-05-16T00:28:20Z
620,1686,2020-09-28T13:21:54Z,2020-10-05T00:40:54Z
474,5351,2020-09-10T02:32:34Z,2020-09-11T22:19:34Z
74,4883,2021-07-07T15:58:28Z,2021-07-11T20:15:28Z
267,2508,2020-08-19T03:31:28Z,2020-08-22T14:24:28Z
448,8486,2021-02-01T19:05:32Z,2021-02-04T21:08:32Z
73,8043,2020-11-08T18:12:49Z,2020-11-09T01:33:49Z
428,7516,2020-11-05T04:19:20Z,2020-11-08T11:51:20Z
636,1452,2020-07-26T19:02:28Z,2020-07-27T11:17:28Z
343,1287,2021-06-10T21:43:28Z,2021-06-14T14:24:28Z
31,5700,2021-04-12T16:30:09Z,2021-04-17T21:37:09Z
24,6618,2021-05-26T18:02:00Z,2021-05-30T01:14:00Z
254,701,2020-11-25T20:01:25Z,2020-11-27T05:36:25Z
980,2598,2021-05-30T12:04:44Z,2021-06-05T11:42:44Z
130,6122,2020-10-28T07:42:46Z,2020-10-29T23:25:46Z
6,9572,2021-05-17T05:36:28Z,2021-05-24T02:05:28Z
775,6820,2020-07-25T15:19:38Z,2020-07-25T21:12:38Z
114,5409,2020-10-14T04:01:17Z,2020-10-19T17:22:17Z
134,7847,2021-06-22T21:32:07Z,2021-06-25T15:33:07Z
909,9072,2020-11-20T20:08:19Z,2020-11-27T11:39:19Z
957,4131,2020-09-25T21:41:03Z,2020-10-02T06:03:03Z
743,7343,2021-01-19T12:32:02Z,2021-01-21T05:02:02Z
127,6464,2021-05-25T22:11:54Z,2021-05-30T16:11:54Z
624,8169,2021-05-17T05:13:25Z,2021-05-20T09:56:25Z
201,2982,2021-03-05T23:59:25Z,2021-03-10T09:12:25Z
77,1807,2020-07-18T06:15:43Z,2020-07-19T19:11:43Z
553,1727,2020-09-12T07:24:34Z,2020-09-15T09:19:34Z
719,7139,2021-02-13T20:58:00Z,2021-02-15T02:09:00Z
93,1346,2021-07-08T01:04:30Z,2021-07-14T04:37:30Z
457,3855,2020-10-28T13:45:43Z,2020-10-28T15:09:43Z
21,3443,2020-10-27T23:31:16Z,2020-10-30T21:46:16Z
174,470,2021-05-26T11:25:01Z,2021-05-29T07:01:01Z
236,3399,2020-07-30T03:19:05Z,2020-08-05T07:11:05Z
134,105,2020-07-22T04:23:34Z,2020-07-24T10:34:34Z
917,9461,2021-02-26T07:40:31Z,2021-03-04T02:21:31Z
929,2178,2020-11-15T05:24:28Z,2020-11-17T05:43:28Z
616,8330,2020-08-13T00:58:50Z,2020-08-14T11:22:50Z
788,8142,2021-01-04T19:59:39Z,2021-01-06T18:48:39Z
537,2289,2020-10-19T11:55:18Z,2020-10-25T00:52:18Z
722,1381,2021-01-14T12:00:32Z,2021-01-21T03:34:32Z
347,2418,2021-01-18T04:32:37Z,2021-01-18T12:43:37Z
566,8797,2021-01-19T01:43:07Z,2021-01-23T01:03:07Z
588,4840,2020-10-08T15:28:08Z,2020-10-14T02:52:08Z
654,6959,2021-06-08T20:33:27Z,2021-06-13T02:49:27Z
839,6099,2020-11-16T10:19:52Z,2020-11-17T03:30:52Z
504,2151,2020-09-25T14:17:23Z,2020-09-27T07:35:23Z
582,6110,2021-06-24T23:32:04Z,2021-06-25T21:23:04Z
264,4955,2020-07-20T09:33:09Z,2020-07-22T04:53:09Z
774,247,2020-12-19T20:47:53Z,2020-12-24T05:09:53Z
476,5571,2021-06-14T10:57:10Z,2021-06-15T09:59:10Z
618,4799,2021-06-23T06:39:17Z,2021-06-30T05:33:17Z
827,2780,2020-11-12T19:14:09Z,2020-11-14T13:55:09Z
640,4557,2021-04-17T01:16:35Z,2021-04-20T04:21:35Z
141,3276,2021-05-06T01:30:38Z,2021-05-11T23:05:38Z
667,9873,2021-06-24T21:47:23Z,2021-06-27T16:48:23Z
425,1951,2020-07-26T20:42:03Z,2020-07-30T05:08:03Z
554,8406,2020-08-08T01:36:56Z,2020-08-13T19:28:56Z
842,1700,2021-04-19T19:13:23Z,2021-04-23T20:09:23Z
845,4096,2020-12-29T13:29:07Z,2021-01-05T04:07:07Z
82,11,2021-03-02T15:58:40Z,2021-03-02T19:53:40Z
334,3030,2020-07-22T12:36:43Z,2020-07-24T05:24:43Z
44,8291,2021-03-05T01:13:18Z,2021-03-05T03:03:18Z
773,7579,2021-05-03T02:04:57Z,2021-05-04T16:05:57Z
310,7238,2021-05-06T08:14:56Z,2021-05-12T13:44:56Z
289,5517,2020-11-04T10:35:26Z,2020-11-09T04:04:26Z
919,4178,2021-02-11T16:05:03Z,2021-02-15T22:43:03Z
129,776,2020-11-15T08:30:51Z,2020-11-21T09:52:51Z
816,9658,2020-12-29T19:22:51Z,2021-01-02T02:26:51Z
361,1892,2021-06-11T04:32:49Z,2021-06-12T15:33:49Z
978,1802,2021-06-25T01:09:35Z,2021-07-01T22:45:35Z
169,7551,2020-07-28T18:05:34Z,2020-07-29T04:16:34Z
360,2649,2021-04-04T22:31:41Z,2021-04-11T01:50:41Z
513,5398,2020-09-19T01:08:20Z,2020-09-21T19:01:20Z
550,1796,2020-09-26T16:43:26Z,2020-09-29T22:16:26Z
63,4683,2020-09-24T12:45:19Z,2020-09-27T15:41:19Z
689,4222,2020-11-09T14:06:24Z,2020-11-09T16:01:24Z
726,7717,2021-06-08T03:40:16Z,2021-06-12T03:39:16Z
331,4253,2021-04-12T16:49:36Z,2021-04-14T17:34:36Z
610,3717,2021-03-23T07:37:30Z,2021-03-24T20:51:30Z
324,2319,2020-09-10T18:28:58Z,2020-09-17T04:47:58Z
416,7045,2021-02-13T07:34:47Z,2021-02-16T22:29:47Z
493,3307,2020-12-25T06:06:18Z,2021-01-01T04:06:18Z
753,765,2020-08-10T04:13:02Z,2020-08-13T20:55:02Z
481,6848,2021-02-07T22:55:22Z,2021-02-09T17:58:22Z
439,3885,2021-01-15T00:26:55Z,2021-01-18T21:16:55Z
647,7716,2021-01-10T19:21:26Z,2021-01-12T17:30:26Z
182,3390,2020-07-29T07:03:23Z,2020-08-03T16:51:23Z
588,5886,2020-07-27T18:57:15Z,2020-07-28T11:06:15Z
513,2177,2020-12-12T13:37:16Z,2020-12-14T09:19:16Z
804,3669,2020-09-10T11:53:29Z,2020-09-12T11:30:29Z
579,9831,2021-03-12T07:46:03Z,2021-03-15T08:06:03Z
172,365,2020-08-31T15:52:14Z,2020-09-02T03:56:14Z
779,6379,2020-12-18T19:28:38Z,2020-12-21T12:38:38Z
111,7526,2020-07-12T07:21:29Z,2020-07-15T06:04:29Z
641,3118,2021-05-11T18:27:17Z,2021-05-16T04:26:17Z
475,5827,2020-09-20T09:43:41Z,2020-09-23T06:26:41Z
532,884,2021-02-22T12:18:19Z,2021-02-23T07:29:19Z
919,1421,2021-02-11T20:27:30Z,2021-02-18T18:08:30Z
67,5049,2020-10-19T01:20:11Z,2020-10-19T22:49:11Z
227,3238,2021-06-14T23:08:55Z,2021-06-20T17:30:55Z
565,843,2020-11-10T03:00:46Z,2020-11-10T18:24:46Z
815,5658,2021-02-26T13:10:19Z,2021-03-04T23:27:19Z
825,9386,2021-06-19T04:04:14Z,2021-06-19T17:58:14Z
951,5330,2020-10-06T10:52:55Z,2020-10-12T04:49:55Z
571,6140,2021-06-17T12:19:19Z,2021-06-20T00:57:19Z
89,4913,2021-01-21T07:44:31Z,2021-01-27T14:54:31Z
105,8825,2020-12-02T14:59:51Z,2020-12-09T05:15:51Z
832,6611,2021-02-17T20:29:52Z,2021-02-20T22:08:52Z
992,1351,2020-11-16T10:44:51Z,2020-11-18T00:57:51Z
425,2171,2020-11-17T09:16:44Z,2020-11-17T14:23:44Z
297,9801,2021-01-30T14:37:28Z,2021-02-05T06:06:28Z
712,1477,2021-03-31T14:02:26Z,2021-04-03T09:32:26Z
650,3119,2021-03-20T14:43:16Z,2021-03-21T05:09:16Z
569,4583,2021-03-15T09:54:41Z,2021-03-17T14:07:41Z
999,2280,2021-04-03T06:40:23Z,2021-04-07T21:03:23Z
722,2070,2021-06-19T22:35:44Z,2021-06-26T15:37:44Z
732,2683,2021-05-13T20:50:38Z,2021-05-14T03:17:38Z
480,2833,2021-04-15T18:24:25Z,2021-04-20T02:08:25Z
761,4153,2020-11-22T14:30:04Z,2020-11-27T06:15:04Z
437,8762,2021-01-16T08:28:53Z,2021-01-20T04:03:53Z
721,8142,2021-01-22T21:02:32Z,2021-01-26T07:06:32Z
122,4319,2021-04-26T04:38:02Z,2021-05-01T03:16:02Z
187,7463,2020-11-13T19:12:36Z,2020-11-17T18:35:36Z
733,3056,2021-03-31T23:34:19Z,2021-04-06T11:19:19Z
827,4989,2021-05-03T06:41:01Z,2021-05-07T15:27:01Z
324,4359,2021-01-22T03:53:17Z,2021-01-23T22:09:17Z
807,1093,2020-12-10T19:50:29Z,2020-12-12T11:22:29Z
736,2684,2020-07-29T13:29:33Z,2020-07-29T14:31:33Z
335,2079,2020-08-16T13:57:02Z,2020-08-21T21:29:02Z
958,2977,2021-05-22T14:59:57Z,2021-05-25T13:09:57Z
248,146,2021-02-23T20:06:17Z,2021-02-26T17:17:17Z
940,4623,2020-11-24T02:57:39Z,2020-11-28T02:49:39Z
548,3744,2021-04-22T13:32:58Z,2021-04-25T20:16:58Z
773,4524,2021-05-21T01:19:51Z,2021-05-23T10:42:51Z
183,9493,2020-09-02T08:01:11Z,2020-09-07T14:51:11Z
288,4197,2020-07-14T17:07:45Z,2020-07-19T20:18:45Z
927,9595,2020-12-10T23:45:52Z,2020-12-16T23:44:52Z
670,9313,2020-07-17T02:29:54Z,2020-07-18T10:40:54Z
73,7038,2021-05-25T07:08:06Z,2021-05-28T07:43:06Z
301,2444,2021-04-05T10:57:59Z,2021-04-11T02:36:59Z
714,49,2020-09-26T22:23:04Z,2020-09-28T12:32:04Z
850,453,2021-05-07T17:21:50Z,2021-05-13T00:09:50Z
704,7055,2020-08-01T06:27:01Z,2020-08-04T17:12:01Z
879,2732,2021-06-01T11:21:48Z,2021-06-02T12:29:48Z
670,7493,2021-04-19T08:59:26Z,2021-04-22T19:22:26Z
128,309,2021-05-22T00:01:44Z,2021-05-24T11:30:44Z
743,4799,2020-10-28T17:59:23Z,2020-11-02T11:19:23Z
875,7779,2020-07-20T22:57:56Z,2020-07-26T03:47:56Z
854,2666,2021-05-19T21:42:23Z,2021-05-25T03:04:23Z
73,7713,2021-03-29T22:08:40Z,2021-03-30T03:56:40Z
21,6019,2020-07-12T02:56:50Z,2020-07-12T07:04:50Z
29,9477,2021-07-04T13:04:18Z,2021-07-05T05:57:18Z
279,2675,2021-02-02T15:37:16Z,2021-02-05T17:52:16Z
891,5525,2021-03-25T00:39:13Z,2021-03-25T05:23:13Z
536,5074,2021-02-06T13:42:42Z,2021-02-10T14:09:42Z
218,9642,2021-07-03T06:02:23Z,2021-07-04T03:15:23Z
572,3120,2020-12-20T07:57:26Z,2020-12-22T09:41:26Z
555,3327,2020-09-13T19:41:29Z,2020-09-17T09:47:29Z
85,918,2020-08-31T01:07:53Z,2020-09-02T22:52:53Z
221,7204,2020-09-27T11:56:18Z,2020-09-29T01:05:18Z
124,8747,2020-11-24T23:29:32Z,2020-11-28T16:27:32Z
603,4806,2020-12-21T07:57:48Z,2020-12-27T23:33:48Z
67,2779,2020-09-12T20:42:07Z,2020-09-18T07:20:07Z
278,5164,2021-04-03T14:13:01Z,2021-04-08T05:00:01Z
773,6584,2021-05-23T20:52:21Z,2021-05-28T06:58:21Z
784,6327,2021-04-26T06:33:44Z,2021-04-30T10:26:44Z
809,342,2021-01-20T11:45:41Z,2021-01-26T21:42:41Z
247,9806,2020-10-22T23:51:13Z,2020-10-25T13:05:13Z
229,8406,2020-09-14T09:15:37Z,2020-09-15T00:39:37Z
406,5002,2021-04-16T14:55:24Z,2021-04-23T08:38:24Z
59,7677,2021-04-06T13:55:15Z,2021-04-12T16:04:15Z
272,2051,2020-10-30T08:52:46Z,2020-11-05T20:24:46Z
457,5529,2021-03-06T01:45:18Z,2021-03-12T09:29:18Z
110,1184,2021-02-15T02:24:57Z,2021-02-20T06:49:57Z
126,2850,2020-07-22T04:40:17Z,2020-07-28T13:30:17Z
589,5256,2021-03-10T21:51:04Z,2021-03-15T06:52:04Z
266,8898,2021-03-25T07:36:20Z,2021-03-25T10:39:20Z
200,461,2021-03-02T23:28:30Z,2021-03-08T01:44:30Z
322,1892,2021-06-29T16:00:02Z,2021-06-30T12:08:02Z
619,9516,2021-02-27T16:46:57Z,2021-03-05T07:21:57Z
907,5995,2021-02-08T12:23:46Z,2021-02-11T17:13:46Z
557,2498,2020-12-28T16:09:35Z,2020-12-31T16:21:35Z
